game_id,tournament,date,match,game_n,side_blue,picks_blue,picks_red,bans_blue,bans_red,kills_b,kills_r,duration,winner,triggers,pred_winner,pred_kills_total,actual_hit_log,notes
LCK26R34_0801,LCK R3-4,2026-07-29,KRX vs NS,1,KRX,Orianna;XinZhao;Bard;Gnar;Yunara,JarvanIV;Locke;Ezreal;Shen;Varus,Poppy;Rumble;Camille;Vayne;Karma,Vi;Jayce;Nocturne;Caitlyn;Jhin,13,28,27:28,NS,P1-OVER_E40;ML-NS,NS,OVER,P1:1;ML:1,-
LCK26R34_0802,LCK R3-4,2026-07-29,NS vs KRX,2,NS,Syndra;LeeSin;Leona;Jhin;Zaahen,Cassiopeia;Nautilus;Skarner;Ambessa;Sivir,Vi;Nocturne;Camille;Renekton;Ziggs,Jayce;Rumble;Lucian;Olaf;Vayne,23,18,33:50,NS,P1-OVER_E40;ML-NS,NS,OVER,P1:1;ML:1,-
LCK26R34_0803,LCK R3-4,2026-07-30,DK vs HLE,1,DK,Orianna;Shen;XinZhao;Ezreal;Olaf,Camille;Vi;Ambessa;Cassiopeia;Aurora,Nocturne;Poppy;Akali;Ziggs;Viktor,Locke;Jayce;Bard;Renekton;Gnar,20,8,30:54,DK,none,-,-,none,-
LCK26R34_0804,LCK R3-4,2026-07-30,HLE vs DK,2,HLE,LeeSin;Bard;Jhin;Annie;Aatrox,Viktor;Skarner;Pyke;Ryze;Renekton,Poppy;Gnar;Locke;Vayne;KSante,Nocturne;Jayce;Lucian;Syndra;Yone,24,10,31:56,HLE,none,-,-,none,-
LCK26R34_0805,LCK R3-4,2026-07-31,T1 vs GEN,1,T1,Orianna;Lucian;Milio;Gnar;JarvanIV,Galio;LeeSin;Ambessa;Rakan;Xayah,Vi;Camille;Locke;Lulu;Ezreal,Bard;Jayce;Nocturne;Poppy;Renekton,13,4,29:20,T1,none,-,-,none,-
LCK26R34_0806,LCK R3-4,2026-07-31,GEN vs T1,2,GEN,Vi;Shen;Ziggs;Varus;Anivia,Ezreal;XinZhao;Ryze;Seraphine;Jax,Bard;Poppy;Nocturne;Pyke;Olaf,Jayce;Cassiopeia;Camille;Yone;Locke,15,17,33:06,T1,none,-,-,none,-
LCK26R34_0807,LCK R3-4,2026-08-01,DK vs GEN,1,DK,Camille;LeeSin;Cassiopeia;Corki;Olaf,Locke;Shen;Skarner;Jhin;Gnar,Nocturne;Poppy;Galio;Ezreal;Vayne,Vi;Jayce;Orianna;Ryze;Ziggs,2,7,28:38,GEN,none,-,-,none,-
LCK26R34_0808,LCK R3-4,2026-08-01,GEN vs DK,2,GEN,JarvanIV;Lucian;Milio;Rumble;Yone,Bard;XinZhao;Caitlyn;Viktor;KSante,Poppy;Ezreal;Vi;Syndra;Ryze,Nocturne;Orianna;Jayce;Akali;Anivia,-,-,-,DK,none,-,-,none,-
LCK26R34_0809,LCK R3-4,2026-08-02,DNS vs BRO,1,DNS,Cassiopeia;LeeSin;Shen;Yorick;Taliyah,Camille;Ezreal;XinZhao;Rumble;Anivia,Poppy;Locke;Jayce;Syndra;Vayne,Orianna;Vi;Nocturne;KSante;Ambessa,15,5,32:11,DNS,P1-UNDER_E26.6,DNS,UNDER,P1:1,-
LCK26R34_0810,LCK R3-4,2026-08-02,KT vs HLE,1,KT,Cassiopeia;Nautilus;MissFortune;Rumble;Skarner,Lucian;Milio;JarvanIV;Locke;Ambessa,Camille;Nocturne;Vi;Olaf;Akali,Ezreal;Jayce;Orianna;Pantheon;Gnar,-,-,34:51,KT,none,-,-,none,-
LCK26R34_0811,LCK R3-4,2026-08-05,BRO vs NS,1,BRO,Cassiopeia;Skarner;Shen;Ambessa;Corki,Camille;LeeSin;Olaf;Jhin;Anivia,Poppy;Rumble;Locke;Syndra;Ezreal,Nocturne;Vi;Orianna;Jax;Vayne,32,20,40:24,BRO,P1-MID_no-bet,-,-,ML-hyp:0,-
